atime,name.1,zeros,w.1.1,link.1.2,name.2,p.1.2,w.2.1,link.2.3,name.3,p.2.3,w.3,link.3.2,name.2,p.3.2,w.2.2,link.2.1,name.1,p.2.1,w.1.2
0.009217527,vm01,0,4931,default,vm02,4642800,43663,default,vm03,1765800,61431,default,vm02,57827800,1585,default,vm01,39897700,3443
0.016808431,vm01,0,32626,default,vm02,4972400,239,default,vm03,4152000,8034,default,vm02,42988400,3023,default,vm01,97845900,24171
0.022772713,vm01,0,254,default,vm02,4189400,8572,default,vm03,2044300,3983,default,vm02,89232200,259,default,vm01,113878700,9240
